name,url,address,postcode
University of Aberdeen,https://www.ucas.com/explore/unis/3a023828/university-of-aberdeen?studyYear=current,"King's College, Aberdeen, AB24 3FX", AB24 3FX
Abertay University,https://www.ucas.com/explore/unis/1558119a/abertay-university?studyYear=current,"Kydd Building, Bell Street, Dundee, Tayside, DD1 1HG", DD1 1HG
Aberystwyth University,https://www.ucas.com/explore/unis/168d2cd8/aberystwyth-university?studyYear=current,"Penglais Campus, Penglais Campus, Aberystwyth, Ceredigion, SY23 3FB", SY23 3FB
ACM (The Academy of Contemporary Music),https://www.ucas.com/explore/unis/3d3a3bb5/acm-the-academy-of-contemporary-music?studyYear=current,"The Rodboro Building, Bridge Street,, Guildford, Surrey, GU1 4SB", GU1 4SB
Activate Learning,https://www.ucas.com/explore/unis/1630c359/activate-learning?studyYear=current,"Oxpens Road, Oxford, Oxfordshire, OX1 1SA", OX1 1SA
Al-Maktoum College of Higher Education,https://www.ucas.com/explore/unis/968ce5a3/al-maktoum-college-of-higher-education?studyYear=current,"124 Blackness Rd, Dundee, Angus, DD1 5PE", DD1 5PE
Amity University [IN] London,https://www.ucas.com/explore/unis/57f3e439/amity-university-in-london?studyYear=current,"24 Bedford Square,, London, WC1B 3HN", WC1B 3HN
Anglia Ruskin University,https://www.ucas.com/explore/unis/d890f3a3/anglia-ruskin-university?studyYear=current,"Cambridge, Chelmsford and Peterborough, Cambridgeshire & Essex, CB1 1PT / CM1 1SQ", CB1 1PT / CM1 1SQ
AECC University College,https://www.ucas.com/explore/unis/d920c4e2/aecc-university-college?studyYear=current,"13-15 Parkwood Road, Bournemouth, Dorset, BH5 2DF", BH5 2DF
Arts University Bournemouth,https://www.ucas.com/explore/unis/4e978513/arts-university-bournemouth?studyYear=current,"Wallisdown, Poole, Poole, Dorset, BH12 5HH", BH12 5HH
Arts University Plymouth,https://www.ucas.com/explore/unis/fd337b6e/arts-university-plymouth?studyYear=current,"Tavistock Place, Plymouth, Devon, PL4 8AT", PL4 8AT
ARU London,https://www.ucas.com/explore/unis/95371765/aru-london?studyYear=current,"19 Charterhouse Street, London, EC1N 6RA", EC1N 6RA
University Centre Askham Bryan,https://www.ucas.com/explore/unis/7d51ec43/university-centre-askham-bryan?studyYear=current,"Askham Bryan,, York, North Yorkshire, YO23 3FR", YO23 3FR
"Aston University, Birmingham",https://www.ucas.com/explore/unis/89c29ffe/aston-university-birmingham?studyYear=current,"Aston Triangle, Aston Triangle, Birmingham, West Midlands, B4 7ET", B4 7ET
Backstage Academy,https://www.ucas.com/explore/unis/a04f3f5e/backstage-academy?studyYear=current,"Unit 53 Langthwaite Business Park, South Kirby, South Kirby, Wakefield, West Yorkshire, WF9 3NR", WF9 3NR
Bangor University,https://www.ucas.com/explore/unis/7522cc92/bangor-university?studyYear=current,"Bangor University, College Road, Bangor, Gwynedd, LL57 2DG", LL57 2DG
Barnet and Southgate College,https://www.ucas.com/explore/unis/a24b2b81/barnet-and-southgate-college?studyYear=current,"Southgate Campus,
High Street, London, N14 6BS", N14 6BS
"Barnfield College, Luton",https://www.ucas.com/explore/unis/5f7d6526/barnfield-college-luton?studyYear=current,"New Bedford Road, Luton, Bedfordshire, LU2 7BF", LU2 7BF
Barnsley College Higher Education,https://www.ucas.com/explore/unis/4f52efe2/barnsley-college-higher-education?studyYear=current,"P O Box 266,Church Street, Barnsley, South Yorkshire, S70 2YW", S70 2YW
Bath Spa University,https://www.ucas.com/explore/unis/29a67da9/bath-spa-university?studyYear=current,"Newton Park
Newton St Loe, Bath, Somerset, BA2 9BN", BA2 9BN
University of Bath,https://www.ucas.com/explore/unis/295cc6a3/university-of-bath?studyYear=current,"University of BathClaverton Down, Claverton Down, Bath, Somerset, BA2 7AY", BA2 7AY
Bedford College Group,https://www.ucas.com/explore/unis/a6fa6f7f/bedford-college-group?studyYear=current,"Cauldwell Street, Bedford, Bedfordshire, MK42 9AH", MK42 9AH
University of Bedfordshire,https://www.ucas.com/explore/unis/3261960f/university-of-bedfordshire?studyYear=current,"University Square, Luton, Bedfordshire, LU1 3JU", LU1 3JU
BIMM Institute,https://www.ucas.com/explore/unis/5871db48/bimm-institute?studyYear=current,"38-42 Brunswick Street West, 38 - 42 Brunswick Street West, Hove, East Sussex, BN3 1EL", BN3 1EL
"Birkbeck, University of London",https://www.ucas.com/explore/unis/a5e9ffc8/birkbeck-university-of-london?studyYear=current,"Malet Street
Bloomsbury, Bloomsbury, London, WC1E 7HX", WC1E 7HX
Birmingham City University,https://www.ucas.com/explore/unis/24d90a06/birmingham-city-university?studyYear=current,"University House, 15 Bartholomew Row, Birmingham, B5 5JU", B5 5JU
University College Birmingham,https://www.ucas.com/explore/unis/b7599006/university-college-birmingham?studyYear=current,"Summer Row, Birmingham, West Midlands, B3 1JB", B3 1JB
University of Birmingham,https://www.ucas.com/explore/unis/1d61dc76/university-of-birmingham?studyYear=current,"External Relations, Edgbaston, Birmingham, B15 2TT", B15 2TT
Bishop Auckland College,https://www.ucas.com/explore/unis/ba61b32a/bishop-auckland-college?studyYear=current,"Woodhouse Lane, Bishop Auckland, County Durham, DL14 6JZ", DL14 6JZ
University Centre Bishop Burton,https://www.ucas.com/explore/unis/2519869b/university-centre-bishop-burton?studyYear=current,"University Centre Bishop Burton, York Road, Bishop Burton, Beverley, East Yorkshire, HU17 8QG", HU17 8QG
Bishop Grosseteste University,https://www.ucas.com/explore/unis/a734fa1a/bishop-grosseteste-university?studyYear=current,"Longdales Road, Lincoln, Lincolnshire, LN1 3DY", LN1 3DY
Blackburn College,https://www.ucas.com/explore/unis/c2fe0703/blackburn-college?studyYear=current,"St Pauls Street, Blackburn, Lancashire, BB2 1LH", BB2 1LH
Blackpool and the Fylde College,https://www.ucas.com/explore/unis/15d7c39f/blackpool-and-the-fylde-college?studyYear=current,"Bispham Campus,Ashfield Road, Bispham, Bispham, Blackpool, FY2 0HB", FY2 0HB
Bloomsbury Institute,https://www.ucas.com/explore/unis/898276b4/bloomsbury-institute?studyYear=current,"7 Bedford Square, 1 Malet Street, Bloomsbury, London, WC1B 3RA", WC1B 3RA
University of Bolton,https://www.ucas.com/explore/unis/88e1a042/university-of-bolton?studyYear=current,"Deane Road, Bolton, Greater Manchester, BL3 5AB", BL3 5AB
Bournemouth and Poole College,https://www.ucas.com/explore/unis/d4b5280f/bournemouth-and-poole-college?studyYear=current,"The Lansdowne, Meyrick Road, Bournemouth, Dorset, BH1 3JJ", BH1 3JJ
Bournemouth University,https://www.ucas.com/explore/unis/22e93c90/bournemouth-university?studyYear=current,"Talbot Campus, Fern Barrow, Fern Barrow, Poole, Dorset, BH12 5BB", BH12 5BB
BPP University,https://www.ucas.com/explore/unis/95d4242b/bpp-university?studyYear=current,"BPP House, Aldine Place, 142-144 Uxbridge Road, London, W12 8AA", W12 8AA
Bradford College,https://www.ucas.com/explore/unis/90e9d147/bradford-college?studyYear=current,"Great Horton Road, Bradford, West Yorkshire, BD7 1AY", BD7 1AY
University of Bradford,https://www.ucas.com/explore/unis/627021f2/university-of-bradford?studyYear=current,"Richmond Road, Bradford, West Yorkshire, BD7 1DP", BD7 1DP
Bridgend College,https://www.ucas.com/explore/unis/d849a737/bridgend-college?studyYear=current,"Cowbridge Road,, Bridgend, Mid Glamorgan, CF31 3DF", CF31 3DF
University Centre Somerset - Bridgwater & Taunton College,https://www.ucas.com/explore/unis/93e3e3b3/university-centre-somerset---bridgwater-taunton-college?studyYear=current,"Bath Road,, Bridgwater, Somerset, TA6 4PZ", TA6 4PZ
Brighton and Sussex Medical School,https://www.ucas.com/explore/unis/0bdd99ec/brighton-and-sussex-medical-school?studyYear=current,"University Of Brighton, The Checkland Building, Falmer, The Checkland Building, Brighton, East Sussex, BN1 9PH", BN1 9PH
University of Brighton,https://www.ucas.com/explore/unis/27ea792a/university-of-brighton?studyYear=current,"Registry, Mithras House, Lewes Road, Mithras House, Lewes Road, Brighton, East Sussex, BN2 4AT", BN2 4AT
City of Bristol College,https://www.ucas.com/explore/unis/692982bf/city-of-bristol-college?studyYear=current,"C/O Reception, College Green Centre,St George's Road, St George's Road, Bristol, Gloucestershire, BS1 5UA", BS1 5UA
University of Bristol,https://www.ucas.com/explore/unis/69690f14/university-of-bristol?studyYear=current,"Senate House, Tyndall Avenue, Tyndall Avenue, Bristol, Gloucestershire, BS8 1TH", BS8 1TH
"Bristol, University of the West of England",https://www.ucas.com/explore/unis/b79a4cbd/bristol-university-of-the-west-of-england?studyYear=current,"Admissions and International Development, Coldharbour Lane, Coldharbour Lane,, Bristol, Gloucestershire, BS16 1QY", BS16 1QY
British Academy of Jewellery,https://www.ucas.com/explore/unis/4cefe4e9/british-academy-of-jewellery?studyYear=current,"Morley House, 26-30 Holborn Viaduct, Holborn, EC1A 2AT", EC1A 2AT
British College of Osteopathic Medicine,https://www.ucas.com/explore/unis/98e33cb7/british-college-of-osteopathic-medicine?studyYear=current,"Lief House, 3 Sumpter Close120-122 Finchley Road, 120-122 Finchley Road, London, NW3 5HR", NW3 5HR
Brooklands College,https://www.ucas.com/explore/unis/88633636/brooklands-college?studyYear=current,"Heath Road, Weybridge, Surrey, KT13 8TT", KT13 8TT
Brunel University London,https://www.ucas.com/explore/unis/42121682/brunel-university-london?studyYear=current,"Kingston Lane, Uxbridge, Middlesex, UB8 3PH", UB8 3PH
University of Buckingham,https://www.ucas.com/explore/unis/1386af38/university-of-buckingham?studyYear=current,"Yeomanry House, Hunter Street, Hunter Street, Buckingham, Buckinghamshire, MK18 1EG", MK18 1EG
Buckinghamshire New University,https://www.ucas.com/explore/unis/592fda96/buckinghamshire-new-university?studyYear=current,"Queen Alexandra Road, High Wycombe, Buckinghamshire, HP11 2JZ", HP11 2JZ
Burnley College,https://www.ucas.com/explore/unis/b0175104/burnley-college?studyYear=current,"Princess Way, Burnley, Lancashire, BB12 0AN", BB12 0AN
Bury College,https://www.ucas.com/explore/unis/74de5b4c/bury-college?studyYear=current,"Market St, Bury, BL9 0BG", BL9 0BG
Cambridge Regional College,https://www.ucas.com/explore/unis/3c88a10a/cambridge-regional-college?studyYear=current,"Kings Hedges Road,, Cambridge, Cambridgeshire, CB4 2QT", CB4 2QT
Cambridge School of Visual and Performing Arts,https://www.ucas.com/explore/unis/83b36cda/cambridge-school-of-visual-and-performing-arts?studyYear=current,"13-14 Round Church Street, Cambridge, Cambridgeshire, CB5 8AD", CB5 8AD
University of Cambridge,https://www.ucas.com/explore/unis/badc3603/university-of-cambridge?studyYear=current,"Cambridge Admissions Office
Student Services Centre
New Museums Site, Fitzwilliam House, Cambridge, Cambridge, CB2 3PT", CB2 3PT
Canterbury Christ Church University,https://www.ucas.com/explore/unis/24bec0e2/canterbury-christ-church-university?studyYear=current,"N Holmes Road, Canterbury, Kent, CT1 1QU", CT1 1QU
Cardiff and Vale College,https://www.ucas.com/explore/unis/6a3d68d5/cardiff-and-vale-college?studyYear=current,"City Centre Campus, Dumballs Road, Dumballs Road, Cardiff, CF10 5FE", CF10 5FE
Cardiff Metropolitan University,https://www.ucas.com/explore/unis/777de2ea/cardiff-metropolitan-university?studyYear=current,"Admissions Unit, Llandaff Campus, Llandaff Campus, Western Avenue, Cardiff, CF5 2YB", CF5 2YB
Cardiff University,https://www.ucas.com/explore/unis/e1c1ad69/cardiff-university?studyYear=current,"Registry, 2nd Floor, McKenzie House, 30-36 Newport Road, Cardiff, CF24 0DE", CF24 0DE
Central Film School London,https://www.ucas.com/explore/unis/016d384d/central-film-school-london?studyYear=current,"Universal House, 88-94 Wentworth Street, 88-94 Wentworth Street, London, E1 7SA", E1 7SA
University of Central Lancashire,https://www.ucas.com/explore/unis/6533bebc/university-of-central-lancashire?studyYear=current,"Admissions Office, Preston, Lancashire, PR1 2TQ", PR1 2TQ
University of Chester,https://www.ucas.com/explore/unis/09d21dac/university-of-chester?studyYear=current,"Parkgate Road, Chester, Cheshire, CH1 4BJ", CH1 4BJ
Chesterfield College,https://www.ucas.com/explore/unis/02675d55/chesterfield-college?studyYear=current,"Infirmary Road, Chesterfield, Derbyshire, S41 7NG", S41 7NG
Chichester College Group,https://www.ucas.com/explore/unis/52535f33/chichester-college-group?studyYear=current,"Westgate Fields, Chichester, West Sussex, PO19 1SB", PO19 1SB
University of Chichester,https://www.ucas.com/explore/unis/b1f140f3/university-of-chichester?studyYear=current,"Bishop Otter Campus, College Lane, College Lane, Chichester, West Sussex, PO19 6PE", PO19 6PE
City College Norwich (incorporating Easton College),https://www.ucas.com/explore/unis/e0a6cb6c/city-college-norwich-incorporating-easton-college?studyYear=current,"Ipswich Road, Norwich, Norfolk, NR2 2LJ", NR2 2LJ
"City, University of London",https://www.ucas.com/explore/unis/0e86a0cf/city-university-of-london?studyYear=current,"The Admissions Office, Northampton Square, Northampton Square, London, EC1V 0HB", EC1V 0HB
University Centre Colchester at Colchester Institute,https://www.ucas.com/explore/unis/c58b1306/university-centre-colchester-at-colchester-institute?studyYear=current,"Sheepen Road,, Colchester, Essex, CO3 3LL", CO3 3LL
Grwp Llandrillo Menai,https://www.ucas.com/explore/unis/12a66ed8/grwp-llandrillo-menai?studyYear=current,"Llandudno Rd, Rhos on Sea, Colwyn Bay, Clwyd, LL28 4HZ", LL28 4HZ
"College of Agriculture, Food and Rural Enterprise",https://www.ucas.com/explore/unis/eaafa9fa/college-of-agriculture-food-and-rural-enterprise?studyYear=current,"Greenmount Campus,, Muckamore, Antrim, Co Antrim, BT41 4PU", BT41 4PU
College of Esports,https://www.ucas.com/explore/unis/878ef093/college-of-esports?studyYear=current,"Lee Valley VeloPark, Abercombie Road,, Queen Elizabeth Olympic Park,, London, E20 3AB", E20 3AB
Condé Nast College of Fashion & Design,https://www.ucas.com/explore/unis/a435d80e/cond-nast-college-of-fashion-design?studyYear=current,"16-17 Greek Street,, London, W1D 4DR", W1D 4DR
Cornwall College,https://www.ucas.com/explore/unis/6fc7541d/cornwall-college?studyYear=current,"Cornwall College Camborne, Trevenson Road, Redruth, Cornwall, TR15 3RD", TR15 3RD
"Courtauld Institute of Art, University of London",https://www.ucas.com/explore/unis/6ec9c892/courtauld-institute-of-art-university-of-london?studyYear=current,"The Courtauld
Vernon Square
Penton Rise, Somerset House, Strand, London, London, WC1X 9EW", WC1X 9EW
Coventry University,https://www.ucas.com/explore/unis/dfed9a6a/coventry-university?studyYear=current,"Priory Street, Coventry, West Midlands, CV1 5FB", CV1 5FB
Cranfield University,https://www.ucas.com/explore/unis/2a9fba46/cranfield-university?studyYear=current,"Cranfield, Bedford, MK43 0AL", MK43 0AL
Craven College,https://www.ucas.com/explore/unis/aecda516/craven-college?studyYear=current,"Aireville Campus, Gargrave Road, Skipton, Skipton, North Yorkshire, BD23 1US", BD23 1US
University for the Creative Arts,https://www.ucas.com/explore/unis/1de3729b/university-for-the-creative-arts?studyYear=current,"UCA Farnham, Falkner Road, Farnham, Surrey, GU9 7DS", GU9 7DS
Croydon University Centre,https://www.ucas.com/explore/unis/ca2a0ff9/croydon-university-centre?studyYear=current,"College Road,
Croydon, London, CR9 1DX", CR9 1DX
University of Cumbria,https://www.ucas.com/explore/unis/ee20f1e0/university-of-cumbria?studyYear=current,"University of Cumbria, Fusehill Street, Carlisle, Cumbria, CA1 2HH", CA1 2HH
Dartington Trust,https://www.ucas.com/explore/unis/a5e3ae20/dartington-trust?studyYear=current,"Dartington Arts School, Lower Close, Totnes, TQ9 6ED", TQ9 6ED
De Montfort University,https://www.ucas.com/explore/unis/6d06ed34/de-montfort-university?studyYear=current,"The Gateway,, Leicester, Leicestershire, LE1 9BH", LE1 9BH
Derby College,https://www.ucas.com/explore/unis/1fd8988e/derby-college?studyYear=current,"The Roundhouse, Roundhouse Road, Pride Park, Pride Park, Derby, Derbyshire, DE24 8JE", DE24 8JE
University of Derby,https://www.ucas.com/explore/unis/008ac8a8/university-of-derby?studyYear=current,"Kedleston Road, Derby, Derbyshire, DE22 1GB", DE22 1GB
DN Colleges Group,https://www.ucas.com/explore/unis/a3e4c2d4/dn-colleges-group?studyYear=current,"Kingsway,, Scunthorpe, Lincolnshire, DN17 1AJ", DN17 1AJ
Dudley College,https://www.ucas.com/explore/unis/0299fcf2/dudley-college?studyYear=current,"The Broadway,, Dudley, West Midlands, DY1 4AS", DY1 4AS
University of Dundee,https://www.ucas.com/explore/unis/bfcb0d31/university-of-dundee?studyYear=current,"Nethergate, Dundee, Angus, DD1 4HN", DD1 4HN
Durham University,https://www.ucas.com/explore/unis/6e455568/durham-university?studyYear=current,"The Palatine Centre, Stockton Road, South Road,, Durham, County Durham, DH1 3LE", DH1 3LE
New College Durham,https://www.ucas.com/explore/unis/2daba510/new-college-durham?studyYear=current,"Framwellgate Moor Campus, Framwellgate, County Durham, DH1 5ES", DH1 5ES
University of East Anglia UEA,https://www.ucas.com/explore/unis/59590204/university-of-east-anglia-uea?studyYear=current,"Norwich Research Park, Norwich Research Park, Norwich, Norfolk, NR4 7TJ", NR4 7TJ
EKC Group,https://www.ucas.com/explore/unis/ae6f4d85/ekc-group?studyYear=current,"New Dover Road, Canterbury, Kent, CT1 3AJ", CT1 3AJ
University of East London,https://www.ucas.com/explore/unis/6d89f913/university-of-east-london?studyYear=current,"University Way, London, London, E16 2RD", E16 2RD
East Riding College,https://www.ucas.com/explore/unis/7837e9ef/east-riding-college?studyYear=current,"Flemingate Centre, 
Armstrong Way, Armstrong Way, Beverley, East Yorkshire, HU17 0GH", HU17 0GH
East Surrey College,https://www.ucas.com/explore/unis/d66b3801/east-surrey-college?studyYear=current,"Gatton Point,London Road, Claremont Road, Redhill, Surrey, RH1 2JT", RH1 2JT
East Sussex College,https://www.ucas.com/explore/unis/9597b298/east-sussex-college?studyYear=current,"East Sussex College Head Office, Eastbourne Campus, Cross Levels Way, Eastbourne, East Sussex, BN21 2UF", BN21 2UF
Edge Hill University,https://www.ucas.com/explore/unis/44f558c0/edge-hill-university?studyYear=current,"St Helens Road, Ormskirk, Lancashire, L39 4QP", L39 4QP
Edinburgh Napier University,https://www.ucas.com/explore/unis/dc3ccbfc/edinburgh-napier-university?studyYear=current,"Merchiston Campus
10 Colinton Road, Edinburgh, EH10 5DT", EH10 5DT
The University of Edinburgh,https://www.ucas.com/explore/unis/114bb2e7/the-university-of-edinburgh?studyYear=current,"Old College, South Bridge, Edinburgh, EH8 9YL", EH8 9YL
ESCP Business School,https://www.ucas.com/explore/unis/24524819/escp-business-school?studyYear=current,"527 Finchley Road, London, London, NW3 7BG", NW3 7BG
University of Essex,https://www.ucas.com/explore/unis/91f1f141/university-of-essex?studyYear=current,"Wivenhoe Park, Colchester, Essex, CO4 3SQ", CO4 3SQ
European School of Economics,https://www.ucas.com/explore/unis/ed93b6a5/european-school-of-economics?studyYear=current,"11-13 Mandeville Place, Marylebone, London, W1U 3AJ", W1U 3AJ
European School of Osteopathy,https://www.ucas.com/explore/unis/47691df6/european-school-of-osteopathy?studyYear=current,"Boxley House, The Street, Boxley, The Street, Boxley, Maidstone, Kent, ME14 3DZ", ME14 3DZ
Exeter College,https://www.ucas.com/explore/unis/1f21f18b/exeter-college?studyYear=current,"Greystone House,Hele Road, Exeter, Exeter, Devon, EX4 4JS", EX4 4JS
University of Exeter,https://www.ucas.com/explore/unis/91fd2fa0/university-of-exeter?studyYear=current,"Streatham Campus Northcote House,, Northcote House, The Queen's Drive, Exeter, Devon, EX4 4QJ", EX4 4QJ
Falmouth University,https://www.ucas.com/explore/unis/13fe6f4f/falmouth-university?studyYear=current,"Woodlane, Falmouth, Cornwall, Cornwall, TR11 4RH", TR11 4RH
University Centre Farnborough,https://www.ucas.com/explore/unis/56ce8405/university-centre-farnborough?studyYear=current,"Boundary Road, Farnborough, Hampshire, GU14 6SB", GU14 6SB
Fashion Retail Academy,https://www.ucas.com/explore/unis/9a25a2cc/fashion-retail-academy?studyYear=current,"15 Gresse Street,, London, London, W1T 1QL", W1T 1QL
Furness College,https://www.ucas.com/explore/unis/e1e76de4/furness-college?studyYear=current,"Channelside, Barrow-in-Furness, Cumbria, LA14 2PJ", LA14 2PJ
Futureworks,https://www.ucas.com/explore/unis/1018280f/futureworks?studyYear=current,"Riverside, New Bailey Street, Manchester, Greater Manchester, M3 5FS", M3 5FS
Gateshead College,https://www.ucas.com/explore/unis/2304d818/gateshead-college?studyYear=current,"Baltic Business Quarter, Quarryfield Road, Gateshead, Tyne and Wear, NE8 3BE", NE8 3BE
Glasgow Caledonian University,https://www.ucas.com/explore/unis/5cffcbbb/glasgow-caledonian-university?studyYear=current,"Cowcaddens Road, Glasgow, G4 0BA", G4 0BA
City of Glasgow College,https://www.ucas.com/explore/unis/dd2bb28c/city-of-glasgow-college?studyYear=current,"City Campus
190 Cathedral Street, Glasgow, G4 0RF", G4 0RF
Glasgow School of Art,https://www.ucas.com/explore/unis/a7656ba9/glasgow-school-of-art?studyYear=current,"167 Renfrew Street, Glasgow, Glasgow, G3 6RQ", G3 6RQ
University of Glasgow,https://www.ucas.com/explore/unis/e4c66810/university-of-glasgow?studyYear=current,"University Avenue, Glasgow, G12 8QQ", G12 8QQ
Gloucestershire College,https://www.ucas.com/explore/unis/098e22b9/gloucestershire-college?studyYear=current,"Cheltenham Campus, Princess Elizabeth Way, Princess Elizabeth Way, Cheltenham, Gloucestershire, GL51 7SJ", GL51 7SJ
University of Gloucestershire,https://www.ucas.com/explore/unis/aa1a1601/university-of-gloucestershire?studyYear=current,"Park Campus, The Park, The Park, Cheltenham, Gloucestershire, GL50 2RH", GL50 2RH
"Glyndwr University, Wrexham",https://www.ucas.com/explore/unis/fdb6a3ab/glyndwr-university-wrexham?studyYear=current,"Mold Road, Mold Road, Wrexham, Denbighshire, LL11 2AW", LL11 2AW
"Goldsmiths, University of London",https://www.ucas.com/explore/unis/a8aae742/goldsmiths-university-of-london?studyYear=current,"8 Lewisham Way
New Cross, New Cross, London, SE14 6NW", SE14 6NW
Gower College Swansea,https://www.ucas.com/explore/unis/d36d615d/gower-college-swansea?studyYear=current,"Belgrave Road,Gorseinon, Swansea, Carmarthenshire, SA4 6RD", SA4 6RD
Greater Brighton Metropolitan College,https://www.ucas.com/explore/unis/f2f2652e/greater-brighton-metropolitan-college?studyYear=current,"Littlehampton Road,, Goring By Sea, Worthing, West Sussex, BN12 6NU", BN12 6NU
University of Greenwich,https://www.ucas.com/explore/unis/2c82b225/university-of-greenwich?studyYear=current,"Greenwich Campus, Old Royal Naval College, Old Royal Naval College, Park Row, Greenwich, London, SE10 9LS", SE10 9LS
Halesowen College,https://www.ucas.com/explore/unis/87fbf767/halesowen-college?studyYear=current,"Whittingham Road,, Halesowen, West Midlands, B63 3NA", B63 3NA
Harlow College,https://www.ucas.com/explore/unis/c9a6da19/harlow-college?studyYear=current,"Velizy Avenue,, Harlow, Essex, CM20 3LH", CM20 3LH
Harper Adams University,https://www.ucas.com/explore/unis/a249ae49/harper-adams-university?studyYear=current,"Edgmond, Newport, Shropshire, TF10 8NB", TF10 8NB
Harper and Keele Veterinary School,https://www.ucas.com/explore/unis/788cb34b/harper-and-keele-veterinary-school?studyYear=current,"Newport, Newport, Shropshire, TF10 8NB", TF10 8NB
Hartpury University,https://www.ucas.com/explore/unis/abf8e17f/hartpury-university?studyYear=current,"Hartpury University and Hartpury College, Hartpury House, Hartpury, Gloucestershire, GL19 3BE", GL19 3BE
Havant and South Downs College,https://www.ucas.com/explore/unis/3ed8539f/havant-and-south-downs-college?studyYear=current,"College Road,Hampshire, Waterlooville, Hampshire, PO7 8AA", PO7 8AA
New City College (incorporating Havering College),https://www.ucas.com/explore/unis/9bca8f42/new-city-college-incorporating-havering-college?studyYear=current,"Ardleigh Green Road, Hornchurch, Essex, RM11 2LL", RM11 2LL
Haybridge Alliance School Centred Initial Teacher Training,https://www.ucas.com/explore/unis/e9d03a65/haybridge-alliance-school-centred-initial-teacher-training?studyYear=current,"Haybridge High School and Sixth Form, Brake Lane,, Hagley, Worcestershire, DY8 2XS", DY8 2XS
HCUC,https://www.ucas.com/explore/unis/25f59ca8/hcuc?studyYear=current,"Park Road,, Uxbridge, Middlesex, UB8 1NQ", UB8 1NQ
Heart of Worcestershire College,https://www.ucas.com/explore/unis/48a4bc2c/heart-of-worcestershire-college?studyYear=current,"Redditch Campus, Peakman Street, Bromsgrove, Redditch, Worcestershire, B98 8DW", B98 8DW
Hereford College of Arts,https://www.ucas.com/explore/unis/ebb4f05e/hereford-college-of-arts?studyYear=current,"Folly Lane, Hereford, Herefordshire, HR1 1LT", HR1 1LT
Heriot-Watt University,https://www.ucas.com/explore/unis/5c658fd1/heriot-watt-university?studyYear=current,"Edinburgh Campus, Edinburgh, EH14 4AS", EH14 4AS
Hertford Regional College,https://www.ucas.com/explore/unis/73efa26e/hertford-regional-college?studyYear=current,"London Road, Ware, Hertfordshire, SG12 9JF", SG12 9JF
University of Hertfordshire,https://www.ucas.com/explore/unis/e2cc6194/university-of-hertfordshire?studyYear=current,"University Admissions Service, College Lane, College Lane, Hatfield, Hertfordshire, AL10 9AB", AL10 9AB
University of the Highlands and Islands (UHI),https://www.ucas.com/explore/unis/c1c7b933/university-of-the-highlands-and-islands-uhi?studyYear=current,"University of the Highlands and Islands (UHI), Ness Walk, Highlands and Islands, Moray and Perth, Highland, IV3 5SQ", IV3 5SQ
Hopwood Hall College,https://www.ucas.com/explore/unis/32bce31b/hopwood-hall-college?studyYear=current,"Rochdale Road, Middleton, Middleton, Greater Manchester, M24 6XH", M24 6XH
University of Huddersfield,https://www.ucas.com/explore/unis/c666f13c/university-of-huddersfield?studyYear=current,"Queensgate,, Huddersfield, West Yorkshire, HD1 3DH", HD1 3DH
Hugh Baird College,https://www.ucas.com/explore/unis/1231e6ce/hugh-baird-college?studyYear=current,"Balliol Road, Bootle, Merseyside, L20 7EW", L20 7EW
Hull College,https://www.ucas.com/explore/unis/cbb9695b/hull-college?studyYear=current,"Queens Gardens,, Hull, East Yorkshire, HU1 3DG", HU1 3DG
Hull York Medical School,https://www.ucas.com/explore/unis/6a15243b/hull-york-medical-school?studyYear=current,"The University Of York, Heslington, Heslington, York, North Yorkshire, YO10 5DD", YO10 5DD
University of Hull,https://www.ucas.com/explore/unis/ac1fb4b5/university-of-hull?studyYear=current,"Admissions Office, Cottingham Road, Cottingham Road, Hull, East Yorkshire, HU6 7RX", HU6 7RX
Hult International Business School,https://www.ucas.com/explore/unis/31d5869a/hult-international-business-school?studyYear=current,"1 Education Street, Cambridge, Massachusetts, 02141", 02141
Imperial College London,https://www.ucas.com/explore/unis/52087408/imperial-college-london?studyYear=current,"Kensington, London, SW7 2AZ", SW7 2AZ
Institute of Contemporary Music Performance,https://www.ucas.com/explore/unis/b829718a/institute-of-contemporary-music-performance?studyYear=current,"1b Dyne Road, 1A Dyne Road, London, NW6 7XG", NW6 7XG
Islamic College for Advanced Studies,https://www.ucas.com/explore/unis/dd033310/islamic-college-for-advanced-studies?studyYear=current,"133 High Road, Willesden, Willesden, London, NW10 2SW", NW10 2SW
Istituto Marangoni London,https://www.ucas.com/explore/unis/23aec7b0/istituto-marangoni-london?studyYear=current,"30 Fashion Street, London, E1 6PX", E1 6PX
Keele University,https://www.ucas.com/explore/unis/5e07e833/keele-university?studyYear=current,"Keele University, Keele, Newcastle-under-Lyme, Staffordshire, ST5 5BG", ST5 5BG
Kent and Medway Medical School,https://www.ucas.com/explore/unis/99fa626a/kent-and-medway-medical-school?studyYear=current,Kent,Kent
University of Kent,https://www.ucas.com/explore/unis/aa22c216/university-of-kent?studyYear=current,"Giles Lane, Canterbury, Kent, CT2 7NR", CT2 7NR
"King's College London, University of London",https://www.ucas.com/explore/unis/5fd4b1cc/king-s-college-london-university-of-london?studyYear=current,"Strand, London, WC2R 2LS", WC2R 2LS
Kingston Maurward College,https://www.ucas.com/explore/unis/58bbc794/kingston-maurward-college?studyYear=current,"FAO Learning Resources Centre,, Dorchester, Dorset, DT2 8PY", DT2 8PY
Kingston University,https://www.ucas.com/explore/unis/4d6287f3/kingston-university?studyYear=current,"Finance Department, Kingston University, 2nd Floor Main Building, Penrhyn Road, Kingston upon Thames, KT1 2EE, London, KT2 6TN", KT2 6TN
KLC School of Design,https://www.ucas.com/explore/unis/eb187029/klc-school-of-design?studyYear=current,"5th Floor Design Centre East, Design Centre Chelsea Harbour, London, London, SW10 0XF", SW10 0XF
Lancaster University,https://www.ucas.com/explore/unis/058545dd/lancaster-university?studyYear=current,"Lancaster University, University House, Bailrigg, Lancashire, LA1 4YW", LA1 4YW
The University of Law,https://www.ucas.com/explore/unis/6cadf6e5/the-university-of-law?studyYear=current,"Braboeuf Manor Portsmouth Road, St Catherines, St Catherines, Guildford, Surrey, GU3 1HA", GU3 1HA
LCCM,https://www.ucas.com/explore/unis/b79f887e/lccm?studyYear=current,"241 Union Street, London, SE1 0LR", SE1 0LR
Leeds Arts University,https://www.ucas.com/explore/unis/272be5f0/leeds-arts-university?studyYear=current,"Blenheim Walk, Leeds, West Yorkshire, LS2 9AQ", LS2 9AQ
Leeds Beckett University,https://www.ucas.com/explore/unis/059b84a8/leeds-beckett-university?studyYear=current,"City Campus, Leeds, West Yorkshire, LS1 3HE", LS1 3HE
"University Centre Leeds, Leeds City College",https://www.ucas.com/explore/unis/fe767449/university-centre-leeds-leeds-city-college?studyYear=current,"University Centre Leeds, Park Lane, Park Lane, Leeds, West Yorkshire, LS3 1AA", LS3 1AA
Leeds Conservatoire,https://www.ucas.com/explore/unis/74edaea7/leeds-conservatoire?studyYear=current,"3 Quarry Hill, Leeds, West Yorkshire, LS2 7PD", LS2 7PD
Leeds Trinity University,https://www.ucas.com/explore/unis/10bb36d7/leeds-trinity-university?studyYear=current,"Brownberrie Lane, Horsforth, Horsforth, Leeds, West Yorkshire, LS18 5HD", LS18 5HD
University of Leeds,https://www.ucas.com/explore/unis/b03b9d06/university-of-leeds?studyYear=current,"Woodhouse Lane, Leeds, West Yorkshire, LS2 9JT", LS2 9JT
Leicester College,https://www.ucas.com/explore/unis/082a9246/leicester-college?studyYear=current,"Grafton Place, St John's Street, Leicester, Leicestershire, LE1 3WL", LE1 3WL
University of Leicester,https://www.ucas.com/explore/unis/edaad69a/university-of-leicester?studyYear=current,"Admissions Office, 
1.080 Fielding Johnson Building, Leicester, Leicestershire, LE1 9HN", LE1 9HN
Lincoln College,https://www.ucas.com/explore/unis/d680310d/lincoln-college?studyYear=current,"Monks Road, Lincoln, Lincoln, Lincolnshire, LN2 5HQ", LN2 5HQ
University of Lincoln,https://www.ucas.com/explore/unis/970c6a07/university-of-lincoln?studyYear=current,"Admissions & Customer Services, Brayford Pool, Brayford Pool, Lincoln, Lincolnshire, LN6 7TS", LN6 7TS
City of Liverpool College University Centre,https://www.ucas.com/explore/unis/bf0964d9/city-of-liverpool-college-university-centre?studyYear=current,"The Learning Exchange,Roscoe Street, Liverpool, Merseyside, L1 9DW", L1 9DW
Liverpool Hope University,https://www.ucas.com/explore/unis/78c33534/liverpool-hope-university?studyYear=current,"Hope Park Campus, Taggart Avenue, Liverpool, Liverpool, Merseyside, L16 9JD", L16 9JD
Liverpool Institute for Performing Arts,https://www.ucas.com/explore/unis/0097ca6a/liverpool-institute-for-performing-arts?studyYear=current,"Mount Street, Liverpool, Merseyside, L1 9HF", L1 9HF
Liverpool John Moores University,https://www.ucas.com/explore/unis/b4d790d4/liverpool-john-moores-university?studyYear=current,"Rodney House, 70 Mount Pleasant, Hatton Garden, Liverpool, Merseyside, L3 5UX", L3 5UX
University of Liverpool,https://www.ucas.com/explore/unis/9a2e99c3/university-of-liverpool?studyYear=current,"Brownlow Hill, Liverpool, Merseyside, L69 7ZX", L69 7ZX
LMA,https://www.ucas.com/explore/unis/812e7c31/lma?studyYear=current,"Atrium B, Broadcast Centre, 10 East Bay Lane, London, E15 2GW", E15 2GW
"London Business School, University of London",https://www.ucas.com/explore/unis/32d682dc/london-business-school-university-of-london?studyYear=current,"Regent's Park, Westminster, NW1 4SA", NW1 4SA
London College,https://www.ucas.com/explore/unis/f0896af7/london-college?studyYear=current,"680 Bath Road,Cranford, Hounslow, Greater London, TW5 9QX", TW5 9QX
London College of Contemporary Arts,https://www.ucas.com/explore/unis/d9ea977d/london-college-of-contemporary-arts?studyYear=current,"Sceptre Court, 40 Tower Hill, London, EC3N 4DX", EC3N 4DX
London Film Academy,https://www.ucas.com/explore/unis/436d2160/london-film-academy?studyYear=current,"The Old Church, 52a Walham Grove, 52a Walham Grove, London, SW6 1QR", SW6 1QR
The London Institute of Banking & Finance,https://www.ucas.com/explore/unis/96faf64f/the-london-institute-of-banking-finance?studyYear=current,"Ifs School Of Finance, 8th Floor, Peninsular House, 8Th Floor, Peninsular House, 36 Monument Street, London, EC3R 8LJ", EC3R 8LJ
London Metropolitan University,https://www.ucas.com/explore/unis/36dc6feb/london-metropolitan-university?studyYear=current,"166-220 Holloway Road, London, London, N7 8DB", N7 8DB
"London School of Economics and Political Science, University of London",https://www.ucas.com/explore/unis/25fe3db7/london-school-of-economics-and-political-science-university-of-london?studyYear=current,"Houghton Street,, London, London, WC2A 2AE", WC2A 2AE
London School of Management Education,https://www.ucas.com/explore/unis/6ac2c56a/london-school-of-management-education?studyYear=current,"509-511 Cranbrook Road,, Gants Hill,, Essex, IG2 6EY", IG2 6EY
London South Bank University,https://www.ucas.com/explore/unis/b8a3b6cb/london-south-bank-university?studyYear=current,"103 Borough Road, London, SE1 0AA", SE1 0AA
London South East Colleges (Bromley College),https://www.ucas.com/explore/unis/aba77858/london-south-east-colleges-bromley-college?studyYear=current,"Rookery Lane, Bromley Common, Bromley, Greater London, BR2 8HE", BR2 8HE
Loughborough College,https://www.ucas.com/explore/unis/f838c19c/loughborough-college?studyYear=current,"Radmoor Road, Loughborough, Leicestershire, LE11 3BT", LE11 3BT
Loughborough University,https://www.ucas.com/explore/unis/b935bbb7/loughborough-university?studyYear=current,"Epinal Way, Loughborough, Leicestershire, LE11 3TU", LE11 3TU
Manchester Metropolitan University,https://www.ucas.com/explore/unis/bb9bf30f/manchester-metropolitan-university?studyYear=current,"Academic Division, All Saints, All Saints, Manchester, Greater Manchester, M15 6BH", M15 6BH
University of Manchester,https://www.ucas.com/explore/unis/01b03c44/university-of-manchester?studyYear=current,"Samuel Alexander Building, Oxford Road, Manchester, Greater Manchester, M13 9PL", M13 9PL
McTimoney College of Chiropractic,https://www.ucas.com/explore/unis/bc261a05/mctimoney-college-of-chiropractic?studyYear=current,"82e High Street,, Wallingford, Oxfordshire, OX10 0BS", OX10 0BS
Medway School of Pharmacy,https://www.ucas.com/explore/unis/e53c5903/medway-school-of-pharmacy?studyYear=current,"Anson Building, Central Avenue, Chatham Maritime, Gillingham, Kent, ME4 4TB", ME4 4TB
Met Film School,https://www.ucas.com/explore/unis/fa347416/met-film-school?studyYear=current,"Ealing Studios, Ealing Green, Ealing Green, London, W5 5EP", W5 5EP
Middlesbrough College,https://www.ucas.com/explore/unis/44c02f19/middlesbrough-college?studyYear=current,"Dock Street, Middlehaven, Middlesbrough, North Yorkshire, TS2 1AD", TS2 1AD
Middlesex University,https://www.ucas.com/explore/unis/5692045c/middlesex-university?studyYear=current,"Hendon Campus, The Burroughs, London, London, NW4 4BT", NW4 4BT
Moulton College,https://www.ucas.com/explore/unis/15cba371/moulton-college?studyYear=current,"West Street, Moulton, Moulton, Northampton, Northamptonshire, NN3 7RR", NN3 7RR
University Centre Myerscough,https://www.ucas.com/explore/unis/7d269cca/university-centre-myerscough?studyYear=current,"Myerscough Hall,Bilsborrow, Bilsborrow, Preston, Lancashire, PR3 0RY", PR3 0RY
National Film and Television School,https://www.ucas.com/explore/unis/e0e252b0/national-film-and-television-school?studyYear=current,"Beaconsfield Studios, Station Road, Beaconsfield, Buckinghamshire, HP9 1LG", HP9 1LG
Nazarene Theological College,https://www.ucas.com/explore/unis/a30c9a10/nazarene-theological-college?studyYear=current,"Dene Road, Didsbury, Didsbury, Greater Manchester, M20 2GU", M20 2GU
New College of the Humanities,https://www.ucas.com/explore/unis/77bfcfb8/new-college-of-the-humanities?studyYear=current,"Devon House, St Katharine's Way, London, E1W 1JP", E1W 1JP
New Model Institute for Technology and Engineering,https://www.ucas.com/explore/unis/a524ae42/new-model-institute-for-technology-and-engineering?studyYear=current,"Gardner Hall, Venns Lane, Venns Lane, Hereford, Herefordshire, HR1 1DT", HR1 1DT
Newbold College,https://www.ucas.com/explore/unis/41110e8a/newbold-college?studyYear=current,"St Mark's Road, Binfield, Bracknell, RG42 4AN", RG42 4AN
Newcastle College University Centre,https://www.ucas.com/explore/unis/6783d4af/newcastle-college-university-centre?studyYear=current,"Rye Hill Campus,Scotswood Road, Scotswood Road, Newcastle upon Tyne, Tyne And Wear, NE4 7SA", NE4 7SA
Newcastle University,https://www.ucas.com/explore/unis/9528a5b4/newcastle-university?studyYear=current,"Marketing & Communications Directorate, Newcastle University, King's Gate, Newcastle upon Tyne, Tyne And Wear, NE1 7RU", NE1 7RU
"Newman University, Birmingham",https://www.ucas.com/explore/unis/11ac4ef6/newman-university-birmingham?studyYear=current,"Genners Lane, Bartley Green, Birmingham, West Midlands, B32 3NT", B32 3NT
Norland,https://www.ucas.com/explore/unis/881106e7/norland?studyYear=current,"York Place, London Road, London Road, Bath, Somerset, BA1 6AE", BA1 6AE
North Kent College,https://www.ucas.com/explore/unis/aad4cda5/north-kent-college?studyYear=current,"Oakfield Lane, Dartford, Kent, DA1 2JT", DA1 2JT
North Warwickshire and South Leicestershire College,https://www.ucas.com/explore/unis/ca9f4d85/north-warwickshire-and-south-leicestershire-college?studyYear=current,"Hinckley Road,, Nuneaton, Warwickshire, CV11 6BH", CV11 6BH
University of Northampton,https://www.ucas.com/explore/unis/1f6ba907/university-of-northampton?studyYear=current,"Waterside Campus, University Drive, Northampton, Northamptonshire, NN1 5PH", NN1 5PH
The Northern School of Art,https://www.ucas.com/explore/unis/590e6636/the-northern-school-of-art?studyYear=current,"Green Lane,Linthorpe, Middlesbrough, North Yorkshire, TS5 7RJ", TS5 7RJ
"Northumbria University, Newcastle",https://www.ucas.com/explore/unis/408b9be4/northumbria-university-newcastle?studyYear=current,"Sutherland Building,College Street, Ellison Place, Newcastle upon Tyne, Tyne and Wear, NE1 8ST", NE1 8ST
Norwich University of the Arts,https://www.ucas.com/explore/unis/bd68226f/norwich-university-of-the-arts?studyYear=current,"Francis House, 3-7 Redwell Street, 3-7 Redwell Street, Norwich, Norfolk, NR2 4SN", NR2 4SN
Nottingham Trent University,https://www.ucas.com/explore/unis/9698b0cc/nottingham-trent-university?studyYear=current,"Dryden Building, Burton Street, Burton Street, Nottingham, Nottinghamshire, NG1 4BU", NG1 4BU
Nottingham College,https://www.ucas.com/explore/unis/319ba5b1/nottingham-college?studyYear=current,"Adams Building, Stoney Street, The Lace Market, Stoney Street, Nottingham, Nottinghamshire, NG1 1NG", NG1 1NG
University of Nottingham,https://www.ucas.com/explore/unis/79f42328/university-of-nottingham?studyYear=current,"University Park, Nottingham, Nottinghamshire, NG7 2RD", NG7 2RD
NPTC Group,https://www.ucas.com/explore/unis/d1045d7f/nptc-group?studyYear=current,"Neath Campus, Dwr-Y-Felin Road, Dwr-Y-Felin Road, Neath, West Glamorgan, SA10 7RF", SA10 7RF
Oaklands College,https://www.ucas.com/explore/unis/8c7662bf/oaklands-college?studyYear=current,"St Albans Campus, Hatfield Road, St Albans, Hertfordshire, AL4 0JA", AL4 0JA
University Campus Oldham,https://www.ucas.com/explore/unis/d2e1adfe/university-campus-oldham?studyYear=current,"Rochdale Road,, Oldham, Greater Manchester, OL9 6AA", OL9 6AA
Oxford Brookes University,https://www.ucas.com/explore/unis/d422b186/oxford-brookes-university?studyYear=current,"Gipsy Lane Campus, Headington, Headington, Oxford, Oxfordshire, OX3 0BP", OX3 0BP
University of Oxford,https://www.ucas.com/explore/unis/351374e0/university-of-oxford?studyYear=current,"Undergraduate Admissions Office, Wellington Square, University Of Oxford, Oxford, Oxfordshire, OX1 2JD", OX1 2JD
Pearson College London (including Escape Studios),https://www.ucas.com/explore/unis/c615f773/pearson-college-london-including-escape-studios?studyYear=current,"190 High Holborn, London, WC1V 7BH", WC1V 7BH
Pembrokeshire College,https://www.ucas.com/explore/unis/45f12136/pembrokeshire-college?studyYear=current,"Merlin's Bridge, Haverfordwest, Pembrokeshire, SA61 1SZ", SA61 1SZ
Peter Symonds' College,https://www.ucas.com/explore/unis/5986cf35/peter-symonds-college?studyYear=current,"Owens Road,, Winchester, Hampshire, SO22 6RX", SO22 6RX
University Centre Peterborough,https://www.ucas.com/explore/unis/7ca2e52f/university-centre-peterborough?studyYear=current,"Park Cresent, Peterborough, Cambridgeshire, PE1 4DZ", PE1 4DZ
Petroc,https://www.ucas.com/explore/unis/fba7f8e7/petroc?studyYear=current,"Barnstaple Campus, Old Sticklepath Hill, Barnstaple, Barnstaple, Devon, EX31 2BQ", EX31 2BQ
Plumpton College,https://www.ucas.com/explore/unis/be7280d5/plumpton-college?studyYear=current,"Ditchling Road,, Nr Lewes, East Sussex, BN7 3AE", BN7 3AE
Plymouth Marjon University,https://www.ucas.com/explore/unis/a3bf2ac2/plymouth-marjon-university?studyYear=current,"Derriford Road, Plymouth, Plymouth, Devon, PL6 8BH", PL6 8BH
University of Plymouth,https://www.ucas.com/explore/unis/250ab332/university-of-plymouth?studyYear=current,"Registry, Drake Circus, Drake Circus, Plymouth, Devon, PL4 8AA", PL4 8AA
City College Plymouth,https://www.ucas.com/explore/unis/babaeca8/city-college-plymouth?studyYear=current,"Kings Road,Devonport, Plymouth, Devon, PL1 5QG", PL1 5QG
Point Blank Music School,https://www.ucas.com/explore/unis/ee9a8e04/point-blank-music-school?studyYear=current,"23-28 Penn Street, Hoxton, London, N1 5DL", N1 5DL
University of Portsmouth,https://www.ucas.com/explore/unis/039b8331/university-of-portsmouth?studyYear=current,"University House, Winston Churchill Avenue, Winston Churchill Avenue, Portsmouth, Hampshire, PO1 2UP", PO1 2UP
"Queen Margaret University, Edinburgh",https://www.ucas.com/explore/unis/403c3afa/queen-margaret-university-edinburgh?studyYear=current,"Queen Margaret Drive, Edinburgh, Musselburgh, Edinburgh, EH21 6UU", EH21 6UU
Queen Mary University of London,https://www.ucas.com/explore/unis/856d62c2/queen-mary-university-of-london?studyYear=current,"Mile End Rd, London, London, E1 4NS", E1 4NS
Queen's University Belfast,https://www.ucas.com/explore/unis/3e45ece0/queen-s-university-belfast?studyYear=current,"Inst of Lifelong Learning,, Belfast, Co Antrim, BT7 1NN", BT7 1NN
Ravensbourne University London,https://www.ucas.com/explore/unis/6f003a01/ravensbourne-university-london?studyYear=current,"6 Penrose Way,, London, London, SE10 0EW", SE10 0EW
University of Reading,https://www.ucas.com/explore/unis/c283b1b0/university-of-reading?studyYear=current,"Room 208, Whiteknights House, Po Box 217, Whiteknights House, Po Box 217, Reading, Berkshire, RG6 6AH", RG6 6AH
University Centre Reaseheath,https://www.ucas.com/explore/unis/ae8f02f9/university-centre-reaseheath?studyYear=current,"Reaseheath College, Reaseheath, Cheshire, CW5 6DF", CW5 6DF
Regent's University London,https://www.ucas.com/explore/unis/d22aa302/regent-s-university-london?studyYear=current,"Regents College,
Inner Circle
Regents Park, London, NW1 4NS", NW1 4NS
"Richmond, The American International University in London",https://www.ucas.com/explore/unis/712655f4/richmond-the-american-international-university-in-london?studyYear=current,"University in London,Queens Road, Richmond, Surrey, E", E
Robert Gordon University,https://www.ucas.com/explore/unis/5a3cac22/robert-gordon-university?studyYear=current,"Garthdee House, Garthdee Road, Garthdee Road, Aberdeen, Aberdeenshire, AB10 7QB", AB10 7QB
University of Roehampton,https://www.ucas.com/explore/unis/895f238c/university-of-roehampton?studyYear=current,"Roehampton Lane,, Roehampton Lane, London, SW15 5PU", SW15 5PU
Rose Bruford College,https://www.ucas.com/explore/unis/5bc57c84/rose-bruford-college?studyYear=current,"Lamorbey Park, Burnt Oak Lane, Sidcup, Kent, DA15 9DF", DA15 9DF
Royal Academy of Dance,https://www.ucas.com/explore/unis/94090b0b/royal-academy-of-dance?studyYear=current,"Faculty of Education,
36 Battersea Square, London, SW11 3RA", SW11 3RA
"Royal Academy of Music, University of London",https://www.ucas.com/explore/unis/6650b619/royal-academy-of-music-university-of-london?studyYear=current,"Marylebone Road, Marylebone, London, NW1 5HT", NW1 5HT
Royal Agricultural University,https://www.ucas.com/explore/unis/0014c21f/royal-agricultural-university?studyYear=current,"Stroud Road, Cirencester, Gloucestershire, GL7 6JS", GL7 6JS
Royal Birmingham Conservatoire,https://www.ucas.com/explore/unis/e4015e94/royal-birmingham-conservatoire?studyYear=current,"Birmingham City University, Paradise Place, Birmingham, B3 3HG", B3 3HG
"Royal Central School of Speech and Drama, University of London",https://www.ucas.com/explore/unis/098ac3d1/royal-central-school-of-speech-and-drama-university-of-london?studyYear=current,"Embassy Theatre, 64 Eton Avenue, Swiss Cottage, London, NW3 3HY", NW3 3HY
Royal College of Music,https://www.ucas.com/explore/unis/5f0445dd/royal-college-of-music?studyYear=current,"Prince Consort Road, Kensington and Chelsea, London, SW7 2BS", SW7 2BS
Royal Conservatoire of Scotland,https://www.ucas.com/explore/unis/22072435/royal-conservatoire-of-scotland?studyYear=current,"100 Renfrew Street, Glasgow, Strathclyde, G2 3DB", G2 3DB
"Royal Holloway, University of London",https://www.ucas.com/explore/unis/5b13b3ae/royal-holloway-university-of-london?studyYear=current,"Egham Hill, Egham, Egham, Surrey, TW20 0EX", TW20 0EX
Royal Northern College of Music,https://www.ucas.com/explore/unis/dd590a4b/royal-northern-college-of-music?studyYear=current,"124 Oxford Road, Manchester, Greater Manchester, M13 9RD", M13 9RD
"Royal Veterinary College, University of London",https://www.ucas.com/explore/unis/f2b98edd/royal-veterinary-college-university-of-london?studyYear=current,"Royal College Street,, London, London, London, NW1 0TU", NW1 0TU
Royal Welsh College of Music and Drama,https://www.ucas.com/explore/unis/76a6ba43/royal-welsh-college-of-music-and-drama?studyYear=current,Cathays Park,Cathays Park
SAE Institute,https://www.ucas.com/explore/unis/db037e28/sae-institute?studyYear=current,"Littlemore Park, Armstrong Road, Armstrong Road, Oxford, Oxfordshire, OX4 4FY", OX4 4FY
University of St Andrews,https://www.ucas.com/explore/unis/81fe3292/university-of-st-andrews?studyYear=current,"St Katharine's West, 16 The Scores, 16 The Scores, St Andrews, Fife, KY16 9AX", KY16 9AX
"St George's, University of London",https://www.ucas.com/explore/unis/9b3207d7/st-george-s-university-of-london?studyYear=current,"Cranmer Terrace, London, SW17 0RE", SW17 0RE
University Centre at Salford City College,https://www.ucas.com/explore/unis/8432fe0e/university-centre-at-salford-city-college?studyYear=current,"Eccles Sixth Form Centre, Chatsworth Road, Eccles, Chatsworth Rd, Salford, Greater Manchester, M30 9FJ", M30 9FJ
University of Salford,https://www.ucas.com/explore/unis/07fe4a70/university-of-salford?studyYear=current,"43 Crescent, Salford, Greater Manchester, M5 4WT", M5 4WT
Scarborough TEC,https://www.ucas.com/explore/unis/8696d32d/scarborough-tec?studyYear=current,"Filey Road, Scarborough,, Scarborough, North Yorkshire, YO11 3AZ", YO11 3AZ
Selby College,https://www.ucas.com/explore/unis/9db8f4ac/selby-college?studyYear=current,"Abbot's Road, Selby, North Yorkshire, YO8 8AT", YO8 8AT
SGS (South Gloucestershire and Stroud College),https://www.ucas.com/explore/unis/80031aa0/sgs-south-gloucestershire-and-stroud-college?studyYear=current,"University Centre WISE, New Road, Stoke Gifford, Bristol, South Gloucestershire, BS34 8LP", BS34 8LP
Sheffield College,https://www.ucas.com/explore/unis/86bcfbc8/sheffield-college?studyYear=current,"City Campus, Granville Road, He Unit, Sheffield, South Yorkshire, S2 2RL", S2 2RL
Sheffield Hallam University,https://www.ucas.com/explore/unis/af611462/sheffield-hallam-university?studyYear=current,"Admissions Office, Surrey Building, Surrey Building, Sheffield, South Yorkshire, S1 1WB", S1 1WB
University of Sheffield,https://www.ucas.com/explore/unis/dbd76d8b/university-of-sheffield?studyYear=current,"Western Bank, Sheffield, South Yorkshire, S10 2TN", S10 2TN
Shrewsbury Colleges Group,https://www.ucas.com/explore/unis/a840508b/shrewsbury-colleges-group?studyYear=current,"London Road, Shrewsbury, Shropshire, SY2 6PR", SY2 6PR
Coleg Sir Gar,https://www.ucas.com/explore/unis/2a479d97/coleg-sir-gar?studyYear=current,"Graig Campus Sandy Road,, Llanelli, Llanelli, Carmarthenshire, SA15 4DN", SA15 4DN
SMB College Group,https://www.ucas.com/explore/unis/01d1372f/smb-college-group?studyYear=current,"Brooksby,, Brooksby, Melton Mowbray, Leicestershire, LE14 2LJ", LE14 2LJ
SOAS University of London,https://www.ucas.com/explore/unis/63840f6d/soas-university-of-london?studyYear=current,"Thornhaugh Street, Russell Square, Russell Square, London, WC1H 0XG", WC1H 0XG
Solihull College & University Centre,https://www.ucas.com/explore/unis/26360c43/solihull-college-university-centre?studyYear=current,"Blossomfield Campus,Blossomfield Road, Solihull, West Midlands, B91 1SB", B91 1SB
South and City College Birmingham,https://www.ucas.com/explore/unis/0c59f8f5/south-and-city-college-birmingham?studyYear=current,"Digbeth Campus, 
High Street Deritend
Digbeth, High Street Deritend, Birmingham, West Midlands, B5 5SU", B5 5SU
"South Thames College Group (inc Carshalton, South Thames and Kingston College)",https://www.ucas.com/explore/unis/b44ad48d/south-thames-college-group-inc-carshalton-south-thames-and-kingston-college?studyYear=current,"Kingston Hall Rd, Kingston Upon Thames, Kingston Upon Thames, London, KT1 2AQ", KT1 2AQ
University of South Wales,https://www.ucas.com/explore/unis/a33ecb69/university-of-south-wales?studyYear=current,"University of South Wales, Pontypridd, Pontypridd, CF37 1DL", CF37 1DL
Solent University (Southampton),https://www.ucas.com/explore/unis/f92b2692/solent-university-southampton?studyYear=current,"East Park Terrace,, Southampton, Hampshire, SO14 0YN", SO14 0YN
University of Southampton,https://www.ucas.com/explore/unis/0f5d882f/university-of-southampton?studyYear=current,"University Road, Southampton, Hampshire, SO17 1BJ", SO17 1BJ
Southport College,https://www.ucas.com/explore/unis/a438654b/southport-college?studyYear=current,"Mornington Road,, Southport, Merseyside, PR9 0TT", PR9 0TT
University Centre Sparsholt,https://www.ucas.com/explore/unis/e71cb3c4/university-centre-sparsholt?studyYear=current,"Sparsholt,, Winchester, Hampshire, SO21 2NF", SO21 2NF
Spurgeon's College,https://www.ucas.com/explore/unis/dc96ef3c/spurgeon-s-college?studyYear=current,"South Norwood Hill, London, SE25 6DJ", SE25 6DJ
SRUC Scotland's Rural College,https://www.ucas.com/explore/unis/ba944ca6/sruc-scotland-s-rural-college?studyYear=current,"West Mains Road, Edinburgh, Midlothian, EH9 3JG", EH9 3JG
University Centre St Helens,https://www.ucas.com/explore/unis/f827e91c/university-centre-st-helens?studyYear=current,"SmithKline Beecham Building, Water Street, St Helens, Merseyside, WA10 1PP", WA10 1PP
"St Mary's University, Twickenham",https://www.ucas.com/explore/unis/1264b52a/st-mary-s-university-twickenham?studyYear=current,"Waldegrave Road, Strawberry Hill, Strawberry Hill, Twickenham, Middlesex, TW1 4SX", TW1 4SX
Staffordshire University,https://www.ucas.com/explore/unis/38236ddf/staffordshire-university?studyYear=current,"College Road, Stoke On Trent, Staffordshire, ST4 2DE", ST4 2DE
University of Stirling,https://www.ucas.com/explore/unis/20b2137b/university-of-stirling?studyYear=current,"University of Stirling,, Stirling, Stirlingshire, FK9 4LA", FK9 4LA
Stranmillis University College,https://www.ucas.com/explore/unis/337ec3b8/stranmillis-university-college?studyYear=current,"Stranmillis Road, Belfast, BT9 5DY", BT9 5DY
University of Strathclyde,https://www.ucas.com/explore/unis/5cc768aa/university-of-strathclyde?studyYear=current,"McCance Building, 16 Richmond Street, 16 Richmond Street, Glasgow, Lanarkshire, G1 1XQ", G1 1XQ
University of Suffolk,https://www.ucas.com/explore/unis/cf271b96/university-of-suffolk?studyYear=current,"Waterfront Building, Neptune Quay, Neptune Quay, Ipswich, Suffolk, IP4 1QJ", IP4 1QJ
City of Sunderland College,https://www.ucas.com/explore/unis/31260746/city-of-sunderland-college?studyYear=current,"Bede Campus,Durham Road, Durham Road, Sunderland, Tyne and Wear, SR3 4AH", SR3 4AH
University of Sunderland,https://www.ucas.com/explore/unis/5f968715/university-of-sunderland?studyYear=current,"St Mary's Building,Chester Road, Chester Road, Sunderland, Tyne and Wear, SR1 3SD", SR1 3SD
University of Surrey,https://www.ucas.com/explore/unis/5ea13bf3/university-of-surrey?studyYear=current,"Stag Hill, Guildford, Guildford, Surrey, GU2 7XH", GU2 7XH
University of Sussex,https://www.ucas.com/explore/unis/6e856d76/university-of-sussex?studyYear=current,"Undergraduate Admissions, Sussex House, Falmer, Sussex House, Falmer, Brighton, East Sussex, BN1 9RH", BN1 9RH
Swansea University,https://www.ucas.com/explore/unis/4b70e003/swansea-university?studyYear=current,"Swansea University, Singleton Park, Swansea, SA2 8PP", SA2 8PP
"New College, Swindon",https://www.ucas.com/explore/unis/16a7e353/new-college-swindon?studyYear=current,"New College Drive,, Swindon, Wiltshire, SN3 1AH", SN3 1AH
Tameside College,https://www.ucas.com/explore/unis/4156d693/tameside-college?studyYear=current,"Ashton Campus,Beaufort Road, Beaufort Road, Ashton-under-Lyne, Greater Manchester, OL6 6NX", OL6 6NX
The Engineering & Design Institute London,https://www.ucas.com/explore/unis/bffe1f14/the-engineering-design-institute-london?studyYear=current,"TEDI-London House, Surrey Quays Road, 11 Quebec Way, London, SE16 7LG", SE16 7LG
"Teesside University, Middlesbrough",https://www.ucas.com/explore/unis/b46d1424/teesside-university-middlesbrough?studyYear=current,"Borough Road, Middlesbrough, North Yorkshire, TS1 3BX", TS1 3BX
Trafford College Group,https://www.ucas.com/explore/unis/ad154893/trafford-college-group?studyYear=current,"Manchester Road, Timperley, Altrincham, Greater Manchester, WA14 5PQ", WA14 5PQ
Trinity Laban Conservatoire of Music and Dance,https://www.ucas.com/explore/unis/09c81910/trinity-laban-conservatoire-of-music-and-dance?studyYear=current,"King Charles Court, 
Old Royal Naval College
Greenwich, Old Royal Naval College, London, SE10 9JF", SE10 9JF
University Centre Truro and Penwith,https://www.ucas.com/explore/unis/cfe1b520/university-centre-truro-and-penwith?studyYear=current,"College Road,, College Road, Truro, Cornwall, TR1 3XX", TR1 3XX
Two Mile Ash School Centred Initial Teacher Training,https://www.ucas.com/explore/unis/117bff52/two-mile-ash-school-centred-initial-teacher-training?studyYear=current,"c/o Fairfields Primary School, 
Apollo Avenue, 
Fairfields, The High Street, Milton Keynes, Buckinghamshire, MK11 4BA", MK11 4BA
Tyne Coast College,https://www.ucas.com/explore/unis/8df995e9/tyne-coast-college?studyYear=current,"St Georges Avenue, South Shields, Tyne and Wear, NE34 6ET", NE34 6ET
UCEN Manchester,https://www.ucas.com/explore/unis/babb7b8c/ucen-manchester?studyYear=current,"Openshaw Campus,Ashton Old Road, Openshaw, Ashton Old Road, Manchester, Manchester, M11 2WH", M11 2WH
UCFB,https://www.ucas.com/explore/unis/9bebda25/ucfb?studyYear=current,"UCFB College of Football Business Limited14th Floor111 Piccadilly, Wembley Stadium, Manchester, Greater Manchester, M1 2HY", M1 2HY
UCL (University College London),https://www.ucas.com/explore/unis/bd0c70d8/ucl-university-college-london?studyYear=current,"Gower Street, London, London, WC1E 6BT", WC1E 6BT
Ulster University,https://www.ucas.com/explore/unis/b0c96a45/ulster-university?studyYear=current,"University House, Cromore Road, Cromore Road, Coleraine, County Londonderry, BT52 1SA", BT52 1SA
University Academy 92 (UA92),https://www.ucas.com/explore/unis/4ddd9e94/university-academy-92-ua92?studyYear=current,"Talbot Road, Trafford, Trafford, Greater Manchester, M16 0PU", M16 0PU
University Centre Calderdale College,https://www.ucas.com/explore/unis/9fed7298/university-centre-calderdale-college?studyYear=current,"Francis Street, Halifax, West Yorkshire, HX1 3UZ", HX1 3UZ
University Centre Grimsby,https://www.ucas.com/explore/unis/33779918/university-centre-grimsby?studyYear=current,"Nuns Corner,, Grimsby, Lincolnshire, DN34 5BQ", DN34 5BQ
University Centre Rotherham,https://www.ucas.com/explore/unis/554e082a/university-centre-rotherham?studyYear=current,"Eastwood Lane,, Rotherham, South Yorkshire, S65 1EG", S65 1EG
University Centre South Devon – South Devon College,https://www.ucas.com/explore/unis/3c63c31c/university-centre-south-devon-south-devon-college?studyYear=current,"Vantage Point,Long Road, Paignton, Paignton, Devon, TQ4 7EJ", TQ4 7EJ
University Centre South Essex,https://www.ucas.com/explore/unis/7e3d3c04/university-centre-south-essex?studyYear=current,"Luker Road, Southend-On-Sea, Southend-on-Sea, Essex, SS1 1ND", SS1 1ND
University Centre at Wakefield College,https://www.ucas.com/explore/unis/38a79022/university-centre-at-wakefield-college?studyYear=current,"Margaret Street, Wakefield, West Yorkshire, WF1 2DH", WF1 2DH
University College of Estate Management,https://www.ucas.com/explore/unis/3c2fd5ff/university-college-of-estate-management?studyYear=current,"Horizons, 61 Queens Road, 60 Queen's Road, Reading, Berkshire, RG1 4BS", RG1 4BS
University College of Osteopathy,https://www.ucas.com/explore/unis/addf7cfa/university-college-of-osteopathy?studyYear=current,"275 Borough High Street, London, SE1 1JE", SE1 1JE
University of London Institute in Paris,https://www.ucas.com/explore/unis/0a4baa82/university-of-london-institute-in-paris?studyYear=current,"11 Rue de Constantine, Cedex 07, Paris, 75340 PA", 75340 PA
University of the Arts London,https://www.ucas.com/explore/unis/9928464e/university-of-the-arts-london?studyYear=current,"272 High Holborn, London, London, WC1V 7EY", WC1V 7EY
"University of Westminster, London",https://www.ucas.com/explore/unis/0ad2bf41/university-of-westminster-london?studyYear=current,"University of Westminster, London
32-38 Wells Street, London, W1W 6UW", W1W 6UW
University of Wales Trinity Saint David,https://www.ucas.com/explore/unis/ff1a14b9/university-of-wales-trinity-saint-david?studyYear=current,"Mt Pleasant,, Swansea, Carmarthenshire, SA1 8AL", SA1 8AL
Walsall College,https://www.ucas.com/explore/unis/49afad53/walsall-college?studyYear=current,"Walsall College, Littleton Street West, Littleton Street West, Walsall, West Midlands, WS2 8ES", WS2 8ES
University of Warwick,https://www.ucas.com/explore/unis/e59d51a1/university-of-warwick?studyYear=current,"University of Warwick, Coventry, West Midlands, CV4 7AL", CV4 7AL
Warwickshire College and University Centre,https://www.ucas.com/explore/unis/5d4edcb5/warwickshire-college-and-university-centre?studyYear=current,"Warwick New Road,, Leamington Spa, Leamington Spa, Warwickshire, CV32 5JE", CV32 5JE
University Centre West Anglia,https://www.ucas.com/explore/unis/63b4cf1e/university-centre-west-anglia?studyYear=current,"Tennyson Avenue,, Tennyson Avenue, King's Lynn, Norfolk, PE30 2QW", PE30 2QW
West Dean College of Arts and Conservation,https://www.ucas.com/explore/unis/54468f81/west-dean-college-of-arts-and-conservation?studyYear=current,"West Dean, Chichester, West Sussex, PO18 0QZ", PO18 0QZ
West Herts College,https://www.ucas.com/explore/unis/a73de6e5/west-herts-college?studyYear=current,"Hempstead Road,, Hempstead Road, Watford, Hertfordshire, WD17 3EZ", WD17 3EZ
University of West London,https://www.ucas.com/explore/unis/4b00d284/university-of-west-london?studyYear=current,"St Mary's Road
Ealing, London, W5 5RF", W5 5RF
University of the West of Scotland,https://www.ucas.com/explore/unis/d064e8a8/university-of-the-west-of-scotland?studyYear=current,"Paisley Campus, Paisley, PA1 2BE", PA1 2BE
West Suffolk College,https://www.ucas.com/explore/unis/d157880f/west-suffolk-college?studyYear=current,"Out Risbygate, Bury St Edmunds, Suffolk, IP33 3RL", IP33 3RL
West Thames College,https://www.ucas.com/explore/unis/5566408b/west-thames-college?studyYear=current,"London Road,, Isleworth, Middlesex, TW7 4HS", TW7 4HS
Capital City College Group,https://www.ucas.com/explore/unis/f8ee2f6a/capital-city-college-group?studyYear=current,"Vincent Square, London, SW1P 2PD", SW1P 2PD
University Centre Weston,https://www.ucas.com/explore/unis/7c3e72d6/university-centre-weston?studyYear=current,"Knightstone Campus, Weston-Super-Mare, Somerset, BS23 2AL", BS23 2AL
Weymouth College,https://www.ucas.com/explore/unis/f845254e/weymouth-college?studyYear=current,"Cranford Avenue, Weymouth, Dorset, DT4 7LQ", DT4 7LQ
Wigan and Leigh College,https://www.ucas.com/explore/unis/090716a0/wigan-and-leigh-college?studyYear=current,"Parson's Walk Centre,, Parson's Walk, Wigan, Greater Manchester, WN1 1RR", WN1 1RR
Wiltshire College and University Centre,https://www.ucas.com/explore/unis/37ab70cb/wiltshire-college-and-university-centre?studyYear=current,"College Road,, Trowbridge, Wiltshire, BA14 0ES", BA14 0ES
University of Winchester,https://www.ucas.com/explore/unis/34ba7b64/university-of-winchester?studyYear=current,"Sparkford Road, Winchester, Hampshire, SO22 4NR", SO22 4NR
Wirral Metropolitan College,https://www.ucas.com/explore/unis/4940a04d/wirral-metropolitan-college?studyYear=current,"Conway Park Campus, Europa Boulevard, Europa Boulevard, Birkenhead, Merseyside, CH41 4NT", CH41 4NT
University of Wolverhampton,https://www.ucas.com/explore/unis/0a5af9c9/university-of-wolverhampton?studyYear=current,"Wulfruna Street, Camp Street, Wolverhampton, West Midlands, WV1 1LY", WV1 1LY
University of Worcester,https://www.ucas.com/explore/unis/62431d8f/university-of-worcester?studyYear=current,"St John's Campus, Henwick Grove, Worcester, Worcestershire, WR2 6AJ", WR2 6AJ
Writtle University College,https://www.ucas.com/explore/unis/7f5fefd6/writtle-university-college?studyYear=current,"Lordship Road, Chelmsford, Essex, CM1 3RR", CM1 3RR
Yeovil College University Centre,https://www.ucas.com/explore/unis/f4e4d70f/yeovil-college-university-centre?studyYear=current,"Mudford Road, Yeovil, Somerset, BA21 4DR", BA21 4DR
York College University Centre,https://www.ucas.com/explore/unis/6045fd2c/york-college-university-centre?studyYear=current,"Sim Balk Lane,, York, North Yorkshire, YO23 2BB", YO23 2BB
York St John University,https://www.ucas.com/explore/unis/6d0cfb92/york-st-john-university?studyYear=current,"Lord Mayor's Walk, York, North Yorkshire, YO31 7EX", YO31 7EX
University of York,https://www.ucas.com/explore/unis/f40210c2/university-of-york?studyYear=current,"Heslington, York, YO10 5DD", YO10 5DD
